<?xml version="1.0" encoding="UTF-8" standalone="yes"?>
<addon id="repository.vodbox" name="vodbox" version="0.0.1" provider-name="brando">
	<extension point="xbmc.addon.repository" name="vodbox">
		<dir>
			<info compressed="false">https://raw.githubusercontent.com/totalrevolution/python-koding/master/zips/addons.xml</info>
			<checksum>https://raw.githubusercontent.com/totalrevolution/python-koding/master/zips/addons.xml.md5</checksum>
			<datadir zip="true">https://raw.githubusercontent.com/totalrevolution/python-koding/master/zips/</datadir>
		</dir>
		<info compressed="false">https://raw.githubusercontent.com/tvboxman/repository.vodbox/master/zips/addons.xml</info>
		<checksum>https://raw.githubusercontent.com/tvboxman/repository.vodbox/master/zips/addons.xml.md5</checksum>
		<datadir zip="true">https://raw.githubusercontent.com/tvboxman/repository.vodbox/master/zips/</datadir>
	</extension>
	<extension point="xbmc.addon.metadata">
		<summary lang="en">ready to go</summary>
		<description lang="en">Full repository description.</description>
		<genre>downloads,canadian</genre>
	</extension>
</addon>